{
  "name" : "IICS-CLI-2019-09-17T04:26:57Z",
  "sourceOrgId" : "cVAjYC3H90ll1pSqbIvoGm",
  "sourceOrgName" : "Uma Infa CSPI",
  "exportedObjects" : [ {
    "objectGuid" : "040f6iO4GaLjjrFyVlvt6i",
    "objectName" : "Default",
    "objectType" : "Project",
    "path" : "/Explore",
    "metadata" : {
      "modelVersion" : {
        "major" : 0,
        "minor" : 0
      },
      "repoInfo" : null,
      "objectRefs" : [ ],
      "contextAttributes" : [ {
        "name" : "IS_DEF_LOC",
        "value" : "true"
      } ],
      "additionalInfo" : {
        "description" : "Auto-generated Default Project",
        "contentType" : null,
        "documentState" : "COMPLETE"
      }
    }
  }, {
    "objectGuid" : "7GrUoN7Futuf7sTxTkWFun",
    "objectName" : "Salesforce",
    "objectType" : "AI_CONNECTION",
    "path" : "/Explore/Default",
    "metadata" : {
      "modelVersion" : {
        "major" : 1,
        "minor" : 0
      },
      "repoInfo" : {
        "repoHandle" : "ieMHck5qbbfUryz-gt27857536-2014-08-13T19:23:34.144Z::conn.xml"
      },
      "objectRefs" : [ ],
      "contextAttributes" : null,
      "additionalInfo" : {
        "description" : "Informatica Cloud Real Time - Guide Setup created this Salesforce connection. Enter proper password and security token if you want to use this connection outside of Salesforce.\n\nSFDC ID: 00D61000000KJtw\nuashok@infa.rt.com/Informatica@1\n\nSynced on Apr30. if you sync this, this will reflect in the guidesetup tab.",
        "contentType" : "application/json; charset=utf-8",
        "documentState" : "VALID"
      }
    }
  }, {
    "objectGuid" : "2Ong1SkUkggcK6cVFIjauc",
    "objectName" : "CLI",
    "objectType" : "Project",
    "path" : "/Explore",
    "metadata" : {
      "modelVersion" : {
        "major" : 0,
        "minor" : 0
      },
      "repoInfo" : null,
      "objectRefs" : [ ],
      "contextAttributes" : [ ],
      "additionalInfo" : {
        "description" : "",
        "contentType" : "Binary",
        "documentState" : "COMPLETE"
      }
    }
  }, {
    "objectGuid" : "gGDRYeaJ8uNfaxwuFMF6SE",
    "objectName" : "CaseOBM",
    "objectType" : "PROCESS",
    "path" : "/Explore/CLI",
    "metadata" : {
      "modelVersion" : {
        "major" : 1,
        "minor" : 0
      },
      "repoInfo" : {
        "repoHandle" : "cki8MZgpDqotxGo-gt-35494167-2019-09-16T19:16:26.042Z::pd.xml"
      },
      "objectRefs" : [ "7GrUoN7Futuf7sTxTkWFun" ],
      "contextAttributes" : null,
      "additionalInfo" : {
        "description" : "",
        "contentType" : "application/json; charset=utf-8",
        "documentState" : "VALID"
      }
    }
  }, {
    "objectGuid" : "6xImEBrmnkCceCqNvsDdwL",
    "objectName" : "ProcessonAG",
    "objectType" : "PROCESS",
    "path" : "/Explore/CLI",
    "metadata" : {
      "modelVersion" : {
        "major" : 1,
        "minor" : 0
      },
      "repoInfo" : {
        "repoHandle" : "4oDdvrTdtqSLlBW-gt-86241548-2019-09-10T18:36:10.901Z::pd.xml"
      },
      "objectRefs" : [ ],
      "contextAttributes" : null,
      "additionalInfo" : {
        "description" : "",
        "contentType" : "application/json; charset=utf-8",
        "documentState" : "VALID"
      }
    }
  } ]
}