<aetgt:getResponse xmlns:aetgt="http://schemas.active-endpoints.com/appmodules/repository/2010/10/avrepository.xsd"
                   xmlns:types1="http://schemas.active-endpoints.com/appmodules/repository/2010/10/avrepository.xsd">
   <types1:Item>
      <types1:EntryId>4oDdvrTdtqSLlBW-gt-86241548-2019-09-10T18:36:10.901Z::pd.xml</types1:EntryId>
      <types1:Name>ProcessonAG</types1:Name>
      <types1:MimeType>application/xml+process</types1:MimeType>
      <types1:Description/>
      <types1:AppliesTo/>
      <types1:Tags>.agent:TestAgentGroup_this_is_a_new_group,.anonymous</types1:Tags>
      <types1:VersionLabel>1.0</types1:VersionLabel>
      <types1:State>CURRENT</types1:State>
      <types1:ProcessGroup/>
      <types1:CreatedBy>uashok@cspi.com</types1:CreatedBy>
      <types1:CreationDate>2019-09-10T18:36:11Z</types1:CreationDate>
      <types1:ModifiedBy/>
      <types1:PublicationStatus>published</types1:PublicationStatus>
      <types1:PublishedBy>uashok@cspi.com</types1:PublishedBy>
      <types1:PublicationDate>2019-09-10T18:36:23Z</types1:PublicationDate>
      <types1:PublishedContributionId>project:/spi.ProcessonAG/ProcessonAG.pd.xml</types1:PublishedContributionId>
      <types1:AutosaveExists>false</types1:AutosaveExists>
      <types1:Entry>
         <process xmlns="http://schemas.active-endpoints.com/appmodules/screenflow/2010/10/avosScreenflow.xsd"
                  xmlns:list="urn:activevos:spi:list:functions"
                  displayName="ProcessonAG"
                  name="ProcessonAG">
            <appliesTo/>
            <description/>
            <tags>.agent:TestAgentGroup_this_is_a_new_group,.anonymous</tags>
            <generator>Informatica Process Designer 11</generator>
            <notes/>
            <deployment suspendOnFault="false" tracingLevel="none">
               <targetLocation>TestAgentGroup_this_is_a_new_group</targetLocation>
               <rest>
                  <allowAnonymousAccess/>
               </rest>
            </deployment>
            <flow id="a">
               <start id="b">
                  <link id="link1" targetId="c"/>
               </start>
               <end id="c"/>
            </flow>
         </process>
      </types1:Entry>
      <types1:GUID>6xImEBrmnkCceCqNvsDdwL</types1:GUID>
      <types1:DisplayName>ProcessonAG</types1:DisplayName>
   </types1:Item>
   <types1:CurrentServerDateTime>2019-09-17T04:26:59.908Z</types1:CurrentServerDateTime>
</aetgt:getResponse>
